Symbol,Current Price,Data Date,3-Day Pred,3-Day Return %,5-Day Pred,5-Day Return %,7-Day Pred,7-Day Return %
AHPC,271.5,2025-10-22,272.84765733790846,0.49637471009519646,272.33806384187517,0.30867913144573433,269.8515618271947,-0.6071595479945855
BBC,4800.0,2025-10-22,4751.231775818676,-1.0160046704442416,4761.125377359069,-0.8098879716860664,4769.237631744732,-0.6408826719847411
BOKL,265.0,2021-12-29,263.9793313893182,-0.3851579662950225,264.19724026025665,-0.30292820367673623,262.20183845473014,-1.0559100170829674
BPCL,663.0,2025-10-22,660.5040077325166,-0.37646942194320004,659.4774598160068,-0.5313031951724305,658.4804194791112,-0.6816863530752308
CFL,117.0,2011-07-07,129.28596666978638,10.500826213492628,129.14444989601225,10.379871705993374,125.93191242778039,7.6341131861370854
CHCL,481.0,2025-10-22,484.47231823087475,0.7218956820945422,484.57566631176644,0.7433817695980126,483.6241212850837,0.5455553607242567
CMB,140.0,2019-05-21,141.96026205563828,1.4001871825987726,143.86028326751943,2.7573451910853106,140.32510646271726,0.23221890194089873
CZBIL,206.5,2025-10-22,217.60850564809527,5.379421621353644,218.48851098081343,5.805574324849118,215.95148541324033,4.5769905148863606
EBL,631.0,2025-10-22,630.5999504688849,-0.06339929177735136,629.8960558866977,-0.17495152350274243,629.2429535459004,-0.2784542716481177
EDBL,564.0,2025-10-22,570.6308613477566,1.1756846361270656,570.6929688068342,1.1866965969564163,570.2025560418967,1.099743979059706
EIC,645.0,2021-12-29,646.0900743068694,0.16900376850688104,647.2241441189451,0.34482854557288456,647.3698923580721,0.36742517179412293
GBIME,240.0,2025-10-22,257.42436085926727,7.260150358028028,257.505649960098,7.294020816707511,254.59652638143507,6.0818859922646125
GUFL,474.0,2025-10-22,481.6673686511933,1.6175883230365673,482.0583787206282,1.7000798988667056,481.3966733946289,1.5604796191200252
HBL,199.0,2025-10-22,197.51187459329878,-0.7478017119101583,197.90730255468452,-0.5490941936258693,195.4426424395166,-1.7876168645645278
ICFC,610.0,2025-10-22,610.795004069435,0.1303285359729477,610.8041143582659,0.13182202594523051,610.4936010280232,0.08091820131528679
KBL,184.0,2025-10-22,179.78045764226033,-2.2932295422498203,179.37411241852283,-2.514069337759333,176.49950261068716,-4.076357276800457
LBBL,441.8,2025-10-22,437.2949835996583,-1.0196958805662586,436.5919797153417,-1.1788185343273627,435.1268187125444,-1.510452984937898
LGIL,680.0,2021-12-29,680.1564045295488,0.02300066611011891,680.8249558658204,0.12131703909122894,680.5988852589009,0.0880713616030662
MDB,538.0,2025-10-22,544.9372549068853,1.2894525849229181,544.4093033144524,1.1913203186714423,543.6832746609982,1.0563707548323833
NABIL,507.9,2025-10-22,514.5627886547798,1.3118308042488236,514.600878489793,1.3193302795418416,513.5812633079747,1.1185791116311767
NBB,402.5,2021-12-29,396.47074688789394,-1.4979510837530587,397.40668317419306,-1.265420329393028,395.95670836228544,-1.6256625186868472
NHPC,186.9,2025-10-22,186.53566486224065,-0.194935868250056,186.4946927986074,-0.21685778565683086,183.8716143935086,-1.6203240270152015
NIB,460.0,2021-05-13,476.3637138411344,3.557329095898788,478.0501049967395,3.923935868856411,477.5438702821664,3.8138848439492135
NICA,314.1,2025-10-22,315.19493619284515,0.34859477645499054,315.3574182881945,0.40032419235735683,313.6810893656093,-0.13336855599832123
NTC,847.0,2025-10-22,854.7670515417528,0.9170072658503937,854.7507969382292,0.9150881863316647,854.989438389312,0.9432630920085006
PCBL,238.0,2025-10-22,237.7156065951756,-0.1194930272371486,237.9741573364139,-0.010858262010968156,235.73696501229767,-0.950855036849717
PFL,372.0,2025-10-22,374.6794656117095,0.7202864547606115,375.0695626804586,0.8251512581877964,373.9093662129002,0.5132704873387585
PRVU,199.4,2025-10-22,192.59626016601158,-3.412106235701319,192.08826497816153,-3.6668681152650318,189.43089299767996,-4.9995521576329205
RBCL,14809.0,2025-10-22,14328.180319599003,-3.2468072145384346,14307.961653621667,-3.3833367977468622,14351.44379471954,-3.0897170996046985
SBBLJ,197.0,2019-07-07,195.47286307101092,-0.7751964106543553,196.19641807180403,-0.40790960822130334,194.0424574206786,-1.5012906494017249
SBI,389.9,2025-10-22,388.4372312568771,-0.37516510467372793,389.0369557254995,-0.22135016016939035,387.82452423426616,-0.5323097629478875
SBL,351.5,2025-10-22,346.78456431814993,-1.341517974921783,346.7252711743863,-1.358386579121961,345.0503795986274,-1.8348848937048685
SCB,629.0,2025-10-22,637.5336366338922,1.3566989879001954,637.8907444887993,1.413472891701006,636.948641710492,1.2636950255154187
SICL,609.0,2025-10-22,611.345327782607,0.38511129435254526,611.2767402612074,0.3738489755677095,610.9616404022977,0.3221084404429704
SIFC,464.0,2025-10-22,469.2157220684411,1.1240780319916155,469.19489831637395,1.1195901543909377,468.36302230401316,0.9403065310373182
SRBL,272.0,2021-12-29,268.6448135462605,-1.2335244315218825,268.42901454105333,-1.312862301083333,266.31684849955934,-2.0893939339855363
EBLCP,598.0,2021-12-21,605.6433262895594,1.2781482089564138,605.1432464066318,1.1945228104735386,604.8169848216178,1.1399640169929397
GFCL,565.0,2025-10-22,574.9236807762193,1.7564036772069507,574.7316975516642,1.722424345427289,574.1785964125718,1.6245303385082794
LFC,126.0,2019-06-06,130.6766628308077,3.7116371673076873,130.83945192173508,3.8408348585199015,127.90993597382135,1.5158222014455143
MBL,207.1,2025-10-22,212.76061833651943,2.7332778061416874,212.92293777212467,2.811655128983426,210.39138741240527,1.5892744627741533
NMB,238.3,2025-10-22,236.78902112805122,-0.634065829605033,236.17681989086134,-0.8909694121437989,233.72534620304714,-1.9197036495815663
PROFL,435.0,2025-10-22,439.52196240685544,1.039531587782859,439.55299368686144,1.0466652153704463,438.5569770258985,0.8176958680226448
SANIMA,304.6,2025-10-22,304.7975151946058,0.06484412166966018,304.51624951644635,-0.02749523425924884,302.52697034206426,-0.6805744116663699
SIL,896.0,2021-12-29,899.461467577051,0.38632450636730503,900.4459360739189,0.4961982225355932,900.9326815612674,0.5505224956771622
CIT,1864.0,2025-10-22,1845.2201703344529,-1.0075015914993102,1843.9072814513179,-1.077935544457195,1845.5996904212493,-0.9871410718213892
OHL,666.0,2025-10-22,673.8313626495762,1.1758802777141515,673.7571805623679,1.1647418261813696,673.5620705908434,1.1354460346611719
SFCL,382.7,2025-10-22,386.9076454310274,1.0994631384968387,386.83502496410836,1.0804873175093723,385.5179226261032,0.7363267902020412
NLICL,579.8,2025-10-22,583.9654143157614,0.7184226139636937,584.2765630933459,0.772087460045866,583.9641591284955,0.7182061277156776
PRIN,640.0,2025-10-22,654.1387222040777,2.2091753443871376,654.2555698812741,2.2274327939490846,654.1398295327803,2.2093483644969147
NABILP,301.1,2024-10-27,498.13045630727856,65.43688352948473,499.79073279537073,65.98828721201285,498.0940108477379,65.42477942468875
LBL,273.9,2021-12-29,272.32972485398966,-0.5733023534174214,272.2609438694915,-0.5984140673634514,270.20570506522245,-1.3487750765890951
PIC,1006.0,2021-12-29,1012.0640957418723,0.6027928172835267,1013.0614809696675,0.7019364780981624,1014.4337047368255,0.8383404310959703
CFCL,464.0,2025-10-22,473.2273267338411,1.988648002982995,473.63363575023413,2.076214601343563,472.9670482777062,1.9325535081263419
LICN,799.0,2025-10-22,803.670868947089,0.5845893550799809,803.5006456091771,0.563284807156086,803.7465834158947,0.5940655088729345
UIC,656.7,2021-12-29,657.8053112003099,0.16831295878024521,658.8127707971291,0.32172541451638303,658.701984336961,0.304855236327236
STC,5200.0,2025-10-22,5079.818548072202,-2.3111817678422644,5093.827815162316,-2.041772785340072,5109.400651655994,-1.7422951604616557
UFL,423.0,2021-04-29,423.3261841881433,0.07711210121591386,423.8283786808412,0.19583420350855396,422.94353747946025,-0.01334811360277856
NCCB,261.0,2021-12-29,265.3760804568161,1.676659178856748,263.9955166806883,1.1477075404936006,261.1471110692852,0.056364394362141
NUBL,723.0,2025-10-22,729.3701332099822,0.881069600274165,729.4471336136464,0.8917197252622999,729.6234695844962,0.9161092094738874
ALICL,447.0,2025-10-22,451.2271383881796,0.9456685432169089,451.60810614279706,1.030896228813659,450.7540241229319,0.8398264257118396
JFL,418.0,2025-10-22,422.10644173707,0.9824023294425802,422.27599129619296,1.0229644249265444,421.2604967323317,0.7800231417061524
SFFIL,210.0,2020-01-22,211.89014494835408,0.9000690230257511,212.7027119486512,1.2870056898339044,210.6689990020485,0.31857095335643254
CEFL,101.0,2020-01-08,100.47315028865,-0.5216333775742537,101.23373309667431,0.23141890759833056,98.4132948758994,-2.5610941822778255
GMFIL,423.9,2025-10-22,425.9019412820477,0.47226734655525127,426.00738630819046,0.49714232323436774,425.0049756058604,0.26066893273423725
KBLPO,109.0,2025-08-26,118.69027208642092,8.890157877450385,120.93321954555086,10.947907839954913,118.19025274965475,8.431424540967656
SHL,494.5,2025-10-22,496.10305982174305,0.3241779214849434,496.2458338524708,0.3530503240588089,495.4137643609524,0.18478551283163347
UNL,48080.8,2025-10-22,47913.61857415533,-0.34770932647683833,47544.2791955645,-1.1158732892038032,47644.94091194508,-0.9065138018812573
NLIC,750.0,2025-10-22,753.7123055858968,0.49497407811957905,753.6337416828787,0.48449889105049804,753.5863153144862,0.47817537526483045
SIC,1225.0,2021-12-29,1228.513495668943,0.28681597297494293,1229.1103819473594,0.3355413834579125,1230.297692239004,0.43246467257174986
CBBL,963.0,2025-10-22,965.8140009460479,0.29221193624589203,965.2704305675302,0.23576641407374704,965.7749810215479,0.2881600230060111
HGI,640.0,2021-12-29,645.6906642754456,0.8891662930383681,646.3044352338518,0.9850680052893422,646.0766386038399,0.9494747818499859
DDBL,810.0,2025-10-22,813.4135944934511,0.421431418944582,813.2701578644688,0.4037231931443015,813.6153148931785,0.4463351719973448
HDL,1339.0,2025-10-22,1334.117082638016,-0.3646689590727429,1332.8458321886399,-0.45960924655415525,1331.3737531355357,-0.5695479361063699
PICL,654.0,2021-12-29,653.4781374377909,-0.07979549880872998,654.3719047865364,0.05686617531138338,654.3843374972121,0.058767201408573826
TRH,796.0,2025-10-22,810.5181785007542,1.8238917714515295,810.4357123401944,1.813531701029449,810.7552927783892,1.8536799972850706
NCCBPO,121.0,2021-12-23,114.32203671510104,-5.518977921404103,114.57941799916603,-5.306266116391714,111.65703927107393,-7.721455147872787
SWBBL,786.0,2025-10-22,797.3024751693783,1.4379739401244707,797.3162296496944,1.4397238740069183,797.592996411581,1.47493593022659
IGI,397.0,2025-10-22,401.5344121357581,1.1421693037174028,401.5790210431527,1.1534058043205775,400.35408249740703,0.8448570522435855
NIL,571.0,2025-10-22,578.8354942807883,1.3722406796476951,578.7350591754011,1.3546513442033532,578.1080950527517,1.2448502719354906
NMBPO,133.3,2025-10-18,125.09686461176113,-6.153890013682578,123.8772049032109,-7.068863538476455,118.72957963366639,-10.930547911728148
NFS,610.0,2025-10-22,619.4884500984708,1.5554836227001345,619.6054516736331,1.5746642087923066,619.3173559401596,1.5274354000261618
NICL,499.9,2025-10-22,504.110564314117,0.8422813190872276,504.2961110546241,0.8793980905429287,503.6506673825856,0.7502835332237685
BFC,435.0,2025-10-22,434.9881718637964,-0.0027191117709369937,435.299442428725,0.0688373399367819,434.41640180516345,-0.1341605045601274
NABBC,735.0,2025-10-22,723.7928706679731,-1.5247795009560343,723.3485975384848,-1.5852248246959462,722.7640542941181,-1.6647545178070655
PLIC,695.9,2021-12-29,691.7370869479348,-0.5982056404749482,693.0018065371855,-0.41646694393080147,693.2069417224191,-0.38698926247749926
NLBBL,595.0,2024-03-12,563.6790164633194,-5.264030846500944,561.3642356718328,-5.653069634986079,561.5602155510917,-5.620131840152657
ADBL,309.9,2025-10-22,308.9671497966658,-0.30101652253442057,309.4042803775268,-0.1599611560094188,307.81945339255253,-0.6713606348652615
ODBL,197.0,2018-08-19,202.10390391218698,2.590814168622832,204.13699170389987,3.622838428375567,202.25264811107695,2.6663188381101275
MLBL,373.0,2025-10-22,370.0494829332922,-0.7910233422809085,370.32381898710935,-0.7174748023835528,369.0655847754243,-1.0548030092696175
SLICL,678.0,2021-12-29,680.9134268192943,0.42970897039738537,680.0569490070827,0.3033848093042362,679.243439297898,0.18339812653363147
BNT,11098.0,2025-10-22,10839.05926942001,-2.333219774553888,10852.14135466167,-2.215341911500545,10906.081412392155,-1.7293078717592767
GBBL,404.9,2025-10-22,407.9504930009805,0.7533941716425067,407.8250838595409,0.7224213039123006,406.4094238417496,0.3727892916151135
JBBL,307.9,2025-10-22,306.6122419931248,-0.41823904088182895,306.6941109870935,-0.39164956573773374,304.9235417038956,-0.9666964261462803
GDBL,201.0,2019-09-25,206.0163717850238,2.4957073557332374,206.7001255631218,2.8358833647372075,204.4887816061663,1.7357122418737805
KNBL,196.0,2019-06-04,180.09651751558033,-8.114021675724322,182.57467314077985,-6.849656560826607,181.06534469985434,-7.619722091911053
KRBL,810.0,2024-12-25,804.959074678175,-0.6223364594845608,804.8761973883596,-0.6325682236593052,804.5140303310654,-0.6772802060413036
HATH,114.0,2019-03-14,114.65609171578387,0.575519048933222,115.66286355598675,1.458652242093637,113.06590989454651,-0.8193772854855197
HFL,18.0,2013-09-29,19.951335430108315,10.840752389490643,20.417896558798816,13.432758659993421,16.80384536676729,-6.645303517959494
GLICL,563.0,2021-12-29,561.1665694993193,-0.3256537301386714,562.4647098425132,-0.09507818072589168,561.9944957828238,-0.17859755189629964
SBLPO,169.0,2025-09-07,174.72840743114864,3.3895901959459405,175.67775705427493,3.951335535073926,173.07819378130046,2.413132414970684
KSBBL,413.9,2025-10-22,412.91371271974606,-0.23829120083448144,412.7660016655892,-0.2739788196208655,411.51868979824667,-0.5753346706338025
CORBL,1704.0,2025-10-22,1706.5949520821523,0.15228592031410235,1704.0759181910425,0.004455292901557912,1705.879285043687,0.11028668096755312
SHINE,391.0,2025-10-22,397.5682860649663,1.6798685588149072,397.5617418023189,1.678194834352665,396.18646718677167,1.3264621961052852
MNBBL,370.5,2025-10-22,381.597446938291,2.9952623315225373,378.90787773909415,2.269332723102334,375.7089251655991,1.4059177235085323
SADBL,386.0,2025-10-22,386.7663018851948,0.19852380445461681,386.85025247457895,0.2202726618080185,385.6229692783826,-0.09767635275062592
MPFL,505.0,2025-10-22,513.310982158587,1.6457390413043498,513.2988444762161,1.6433355398447758,512.6676360280096,1.5183437679226952
BHBL,199.0,2019-05-14,187.2091734018154,-5.925038491550048,188.67320921594148,-5.189342102541969,186.81374005399528,-6.123748716585289
NIBPO,403.0,2021-05-13,417.47776779518813,3.592498212205491,418.71815715622654,3.900287135540084,417.7485626319458,3.6596929607805926
BNL,15900.0,2025-10-15,15656.627736046441,-1.530643169519239,15674.989956620777,-1.4151575055297052,15758.33868895677,-0.8909516417813204
FMDBL,759.0,2025-10-22,762.2037972083004,0.42210766907779224,761.7382157233737,0.36076623496360233,761.7113706915318,0.3572293401227646
CZBILP,108.0,2025-10-11,113.9267982813841,5.487776186466754,112.53107223585528,4.195437255421552,108.97318743896847,0.9010994805263576
JBNL,214.0,2019-08-26,211.31479164894074,-1.2547702575043267,212.03139159456862,-0.9199104698277487,209.90384639753609,-1.9140904684410815
SMFDB,1460.0,2021-12-29,1462.6197145645294,0.17943250441982406,1462.8136164757157,0.19271345724079877,1464.3354061028485,0.29694562348277653
GBIMEP,102.0,2025-09-22,104.24656490459142,2.2025146123445327,104.26187910360238,2.217528532943512,101.11894265925787,-0.863781706609933
MFIL,568.0,2025-10-22,569.3409378999678,0.2360806161915138,569.0497075693772,0.18480767066500584,568.491164170206,0.0864725651771211
NBL,243.6,2025-10-22,242.96511243107875,-0.2606270808379489,243.30198489775432,-0.12233789090544786,241.21840093342269,-0.9776679255243467
CBL,242.0,2021-12-29,239.9558363597946,-0.8446957190931393,240.00465580250636,-0.8245223956585276,237.7172828689968,-1.7697178227285992
PCBLP,104.0,2025-10-08,103.26337658230716,-0.7082917477815771,101.94860740543652,-1.9724928793879624,98.43394367182327,-5.35197723863147
SLBBL,828.0,2025-10-22,822.6979350682591,-0.6403460062489028,822.4019157833822,-0.6760971276108513,822.8114855889419,-0.6266321752485654
NLG,703.0,2025-10-22,708.5970489584063,0.7961662814233679,708.6750082282833,0.8072557934969178,708.4906560514062,0.7810321552498117
MEGA,284.0,2021-12-29,284.02606686369916,0.009178473133505909,283.95911038106124,-0.01439775314745187,281.63514136775245,-0.832696701495615
SINDU,685.2,2025-10-22,699.5545792545629,2.0949473518042687,699.3403805730997,2.06368659852592,699.2316376315412,2.0478163501957263
SYFL,145.0,2017-10-11,144.37602610807937,-0.43032682201422584,144.89051440602873,-0.07550730618708383,142.24265853498116,-1.9016148034612688
HAMRO,133.0,2018-07-15,132.13099630586703,-0.6533862361902036,132.98784079147129,-0.009142262051665241,130.4615371844144,-1.90861865833504
RMDC,1372.0,2021-12-29,1379.148498331202,0.5210275751605002,1378.9251384903703,0.5047477033797575,1380.6933612298767,0.6336269117985933
SKBBL,860.0,2025-10-22,874.6850400594553,1.7075627976110852,874.6365338511957,1.7019225408367133,874.9967286652183,1.7438056587463089
JBBLPO,187.0,2025-10-08,187.55844246472338,0.2986323340766762,188.235541092414,0.6607171617187144,185.9238752772759,-0.5754677661626219
NLICLP,343.0,2025-04-14,345.99228793797977,0.8723871539299615,344.3712290449604,0.3997752317668767,341.3850544428069,-0.47082960851110667
SLICLP,413.0,2021-12-06,360.96685137701604,-12.598825332441638,367.1381583019795,-11.104562154484382,368.51298366546166,-10.771674657273206
NLICP,413.0,2025-06-14,411.60121356672005,-0.3386892090266227,407.69605936221956,-1.2842471277918746,405.5993683000694,-1.7919205084577758
SHPC,490.2,2025-10-22,485.091023428026,-1.0422228828996294,484.7656008509704,-1.1086085575335813,483.65706103096227,-1.3347488716927214
KMCDB,975.0,2025-10-22,1000.7995549928397,2.646108204393817,1000.4956738346139,2.6149409061142412,1001.1573483544378,2.682804959429515
ALICLP,388.0,2025-01-07,367.3758977833602,-5.31549026202057,365.1043851024524,-5.900931674625671,363.30440683333063,-6.364843599657053
NSLB,1198.0,2021-12-29,1202.3011387838183,0.3590266096676344,1202.3634235423247,0.36422567131257544,1203.6856551557808,0.47459558896333476
CCBL,230.5,2021-12-29,227.50124511983756,-1.3009782560357646,227.245803131486,-1.4117990752772176,224.7511500634655,-2.4940780635724504
MLBBL,1390.0,2025-10-22,1406.8403000736607,1.2115323794000523,1405.1748695575366,1.0917172343551487,1406.4525702655774,1.183638148602689
RHPC,838.0,2021-11-03,836.4712419597857,-0.1824293604074292,838.4144617266351,0.04945843993258566,837.1323268984788,-0.10354094290228845
RLFL,406.7,2025-10-22,416.4050946122901,2.3863030765404747,416.57811885674846,2.428846534730384,415.49964654890346,2.1636701620121634
SEOS,10.85,2019-07-21,-0.7936109859547287,-107.3143869673247,0.8634808010729103,-92.04165160301466,-2.4152672583779804,-122.26052772698598
LLBS,909.0,2025-10-22,908.237445803856,-0.08388935051089523,907.787970302515,-0.13333660038339232,908.3478936085965,-0.07173887694208465
MLBLPO,206.0,2025-10-15,191.56219471091038,-7.008643344218264,194.96413588038297,-5.357215592047102,193.94576861436838,-5.851568633801759
SHBL,460.0,2017-06-08,472.86022613563705,2.795701333834141,473.46040235154646,2.926174424249231,472.67419591011924,2.755259980460704
PRVUPO,100.9,2025-09-27,86.00784895398499,-14.759317191293375,85.57101055256715,-15.192259115394311,82.56944098764393,-18.167055512741403
RBCLPO,12098.0,2025-10-22,12032.901170087862,-0.5380958002325853,12041.092928223406,-0.47038412776155986,12110.056983740149,0.09966096660728227
NIBSF1,12.1,2021-12-29,8.824784589536193,-27.067895954246335,9.669893953263681,-20.08352104740759,6.340149972010181,-47.602066347023296
MNBBLP,236.2,2025-10-15,243.72810583126738,3.1871743570141393,244.22758830302973,3.3986402637721196,242.0859781208909,2.491946706558388
KSBBLP,165.7,2025-09-23,167.55129627054077,1.1172578579002934,167.5064784517151,1.0902102907152218,164.7860634245376,-0.5515609990720586
MMFDB,580.0,2024-03-12,527.9745570783782,-8.969903952003756,524.567857171188,-9.557266004967577,525.7260328978675,-9.357580534850426
BARUN,306.0,2025-10-22,309.67975684023816,1.2025349151105085,309.9446113942274,1.2890886909239943,308.2902787154835,0.7484570965632384
VLBS,753.0,2025-10-22,756.690826348597,0.4901495814869929,756.5107587418022,0.4662362206908622,756.7107567326341,0.4927963788358674
API,273.8,2025-10-22,271.5012946270267,-0.8395563816556983,271.330592100736,-0.9019020815427365,269.17146259636866,-1.6904811554533803
GBLBS,780.0,2025-10-18,801.7824439224155,2.7926210156942943,802.4152352122956,2.873748104140456,802.652361111262,2.904148860418212
CLBSL,945.0,2021-12-29,949.7901579896854,0.5068950253635386,950.2160716272264,0.5519652515583461,950.8622895018596,0.620348095434873
KLBSL,1070.0,2024-07-10,1073.7660338320181,0.35196577869328394,1074.6687136005055,0.4363283738790185,1077.1563069679205,0.6688137353196729
MSMBS,1259.0,2021-01-21,1265.2192202995648,0.4939809610456527,1270.0692741166602,0.8792116057712592,1272.9838336729672,1.1107095848266237
JSLBB,1129.0,2025-10-22,1139.4264091658097,0.9235083406385893,1138.3579398806942,0.8288697857125044,1139.0465660680843,0.8898641335769977
WOMI,1609.0,2021-08-31,1614.2534467954315,0.3265038406110317,1611.7078045161065,0.1682911445684608,1612.891611523503,0.2418652283096885
GILB,1160.0,2025-10-22,1166.423598992059,0.5537585337981846,1165.8088022374855,0.500758813576332,1166.8666396525207,0.591951694182818
NMBMF,620.0,2025-10-22,624.7090001385263,0.7595161513752153,624.4256955526184,0.7138218633255541,624.1200036651204,0.6645167201807108
GIMES1,10.65,2021-12-29,4.704227607557073,-55.82884875533265,4.360241162484954,-59.058768427371334,0.6507511776518413,-93.88966030373858
CBLPO,161.0,2021-11-23,114.84585851342945,-28.667168625199103,118.5259629978134,-26.381389442351928,117.69419000948358,-26.89801862764995
HIDCL,254.2,2025-10-22,252.88762565900333,-0.5162762946485661,252.2027103728601,-0.7857158249960182,249.61885552911951,-1.8021811451142702
JBNLPO,100.0,2019-08-26,98.49744889626629,-1.5025511037337083,99.25759520559541,-0.7424047944045924,96.52179961753939,-3.478200382460614
MERO,738.0,2025-10-22,736.342345306753,-0.224614457079535,735.9322519707569,-0.2801826597890445,736.0360678741883,-0.26611546420212095
NGPL,353.1,2025-10-22,349.1663012206684,-1.1140466664773778,348.0893613865479,-1.4190423714109606,345.7068802055404,-2.0937750763125482
GRDBL,1019.9,2025-10-22,1018.1611720765699,-0.17049004053633768,1017.4872013381255,-0.23657208176041672,1018.2139093048891,-0.16531921709098146
MEGAPO,122.0,2021-12-09,120.56111096389884,-1.179417242705868,120.99724058419633,-0.8219339473800543,118.16321265975444,-3.1449076559389875
KKHC,229.3,2025-10-22,227.76119291419855,-0.6710890038384063,228.3056706075779,-0.4336368915927242,226.2835857038159,-1.3154881361465804
NMBHF1,11.16,2021-12-29,5.864258954198817,-47.45287675449089,6.847728679368856,-38.640424019992324,3.6136895133951157,-67.61926959323374
NEF,10.6,2021-12-29,3.2597096565137917,-69.24802210836046,3.5913337520527193,-66.11949290516303,0.22040404990514162,-97.92071651032886
NMFBS,1223.0,2025-10-22,1226.544746939404,0.28984030575665753,1225.8828046742674,0.23571583599896898,1226.9832327345566,0.3256936005361098
RSDC,597.0,2025-10-22,604.535807996404,1.2622793963825705,604.6932161643888,1.2886459236832137,604.4466175296499,1.247339619706846
SLBS,1713.0,2021-08-31,1715.4485547447184,0.14293956478216124,1712.8720159329146,-0.007471340752214567,1714.035231674952,0.060433839752014086
DHPL,283.0,2025-10-22,288.21942231546484,1.844318839386869,288.6776737869038,2.006245154382977,287.0228383105564,1.421497636239004
NIBLPF,9.85,2021-12-29,10.327541316408542,4.848135191964898,11.136647058598442,13.0624066862786,7.898150788266321,-19.81572803790537
AKPL,235.0,2025-10-22,232.54413417520072,-1.0450492871486277,232.28348931052528,-1.1559619955211562,229.88155645388463,-2.17806108345335
SPDL,378.3,2025-10-22,375.2239000104719,-0.8131377186170053,374.6654605746352,-0.9607558618463746,372.6568364728512,-1.491716502021895
FOWAD,1086.0,2025-10-22,1098.0331992452425,1.108029396431168,1097.7221820330476,1.079390610777864,1098.5535398043692,1.1559428917467003
UMHL,514.0,2025-10-22,521.5193777091581,1.4629139511980753,521.2821533796327,1.4167613579052034,519.4391300563786,1.0581965090230825
SMATA,799.0,2025-10-22,808.5348700772579,1.1933504477168826,807.1035073338685,1.014206174451626,806.8867572499846,0.9870785043785496
CCBLPO,120.0,2021-12-28,112.59646759306213,-6.169610339114892,113.04831638184237,-5.793069681798026,110.42040582629966,-7.982995144750286
CHL,230.0,2025-10-22,229.93598585204313,-0.027832238242116662,229.89768226678416,-0.04448597096340919,227.64525907946245,-1.0238004002337182
LEMF,9.47,2024-06-09,16.10577671264832,70.0715597956528,18.064673112731498,90.75684385144136,14.688982577897377,55.11069248043692
SDESI,800.0,2020-08-13,811.4724928232242,1.4340616029030286,810.5340362115668,1.3167545264458482,810.5707646497361,1.3213455812170167
HPPL,511.0,2025-10-22,490.2428647999685,-4.062061682980721,491.96903198694906,-3.7242598851371698,491.22763068571874,-3.8693482024033785
MSLB,1270.0,2025-10-22,1269.5131030764624,-0.038338340436034846,1267.8730741387794,-0.16747447726146225,1269.0574487401093,-0.07421663463706347
NHDL,636.5,2025-10-22,642.269136195483,0.906384319793094,642.2476954551317,0.9030157824244693,642.1319811253827,0.8848359977034891
SEF,9.46,2025-10-22,4.950924444496195,-47.66464646409943,5.744470985269004,-39.27620522971455,2.276925796323326,-75.93101695218472
SAEF,11.25,2024-12-22,9.336500574911383,-17.00888377856548,10.42226395985142,-7.357653690209595,7.2195264714349605,-35.82643136502257
SMB,2079.9,2025-10-22,2067.030809479144,-0.6187408298887512,2064.513710818208,-0.7397610068653352,2066.219620038561,-0.6577421972902077
USLB,1800.0,2025-10-22,1814.459136028178,0.8032853348987727,1813.3039150854215,0.739106393634529,1814.9590896412114,0.8310605356228583
RADHI,639.0,2025-10-22,640.179411132445,0.18457138222926625,638.975499938994,-0.003834125353059704,637.7182190569881,-0.2005916968719689
AMFI,529.0,2019-10-22,537.86091645951,1.6750314668260886,537.83773199467,1.6706487702589752,537.2390476600893,1.5574759281832402
CMF1,10.85,2025-03-01,15.659006777846571,44.32264311379328,17.562492740543348,61.86629253957003,14.230775963586666,31.159225470844852
NICGF,10.9,2025-03-09,7.8998350430811115,-27.524449146044848,9.288060034795194,-14.788440047750518,5.928648967527238,-45.608725068557455
NSEWA,831.0,2020-12-15,832.8565934448055,0.2234167803616758,834.7648531821654,0.4530509244483079,835.8530848271951,0.5840053943676368
RRHP,563.1,2021-11-03,559.5139624391338,-0.6368384942046178,560.2816087983708,-0.5005134437274368,558.7441130974737,-0.7735547686958483
NADEP,718.0,2025-10-22,722.872092719225,0.6785644455745058,722.3727269749891,0.6090148990235464,722.4097471767576,0.6141709159829534
PMHPL,317.7,2025-10-22,316.30588991940624,-0.4388133712917054,316.4510155186623,-0.3931332959829041,314.65764630934234,-0.9576184106571132
KPCL,536.0,2025-10-22,534.5187305320114,-0.2763562440277179,534.5664370302267,-0.2674557779427862,534.022587996614,-0.36892014988544913
AKJCL,184.0,2025-10-22,184.15016534218273,0.081611599012354,184.15227597287412,0.08275868090984896,181.56697933733835,-1.3222938384030691
ACLBSL,970.0,2025-10-22,978.9528978019976,0.9229791548451084,978.4389523912126,0.8699950918775916,979.0701835271994,0.9350704667215924
JOSHI,288.1,2025-10-22,289.2904595776936,0.41321054414910074,289.5179703862092,0.4921799327348708,287.7732417751232,-0.11341833560458596
UPPER,175.0,2025-10-22,179.07913845130645,2.330936257889399,178.90238706727598,2.2299354670148466,176.00737297450155,0.5756416997151713
SLBSL,1400.0,2025-10-22,1374.0854874516056,-1.8510366105996028,1373.2302542451846,-1.9121246967725287,1374.482662278107,-1.8226669801352142
GHL,201.0,2025-10-22,201.75888824301933,0.37755633981061093,201.59579855868935,0.2964171933777875,199.0612619855092,-0.9645462758660742
ALBSL,939.3,2025-10-22,946.0903598038651,0.7229170450191801,945.4959527230025,0.6596351243481855,946.1221617423349,0.7263027512333621
SHIVM,569.0,2025-10-22,565.991553921524,-0.5287251456021136,565.1231384446805,-0.6813464947837373,563.2658716461367,-1.0077554224715812
UPCL,350.0,2025-10-22,348.7247662320086,-0.3643525051403945,348.0703679326276,-0.5513234478206803,345.90287988748446,-1.1706057464330115
MHNL,238.9,2025-10-22,238.1206605529087,-0.3262199443663888,238.5920995355134,-0.12888257199104539,236.6178164257169,-0.9552882269916683
PPCL,294.9,2025-10-22,294.5285139689113,-0.12597016991817342,294.668962342084,-0.078344407567303,292.9364240320882,-0.6658446822352546
SPARS,972.0,2020-10-06,977.952695904752,0.6124172741514379,978.3859835779089,0.6569941952581131,979.1427820715984,0.7348541225924269
HURJA,208.7,2025-10-22,208.5715162784942,-0.06156383397498893,208.2906635922826,-0.19613627585882898,205.7916223013632,-1.3935686145839952
GLBSL,2033.0,2025-10-22,2015.7039620701007,-0.8507642857796008,2013.3031018953782,-0.9688587360856775,2014.950298552908,-0.8878357819523879
GMFBS,1454.5,2025-10-22,1466.5851862670534,0.8308825209386977,1464.6480402774146,0.6976995721838822,1465.957033070037,0.7876956390537583
NAGRO,720.0,2019-10-03,729.2734502984232,1.2879792081143333,729.0168336403467,1.2523380056037088,729.1393700356143,1.2693569493908778
UNHPL,498.0,2025-10-22,503.8902057999545,1.1827722489868504,504.4536257328259,1.2959087816919503,502.42075299045325,0.8877014037054722
SAND2085,1142.0,2025-10-14,1152.340857705923,0.9055041774013222,1152.6872728385888,0.9358382520655689,1154.5199707247057,1.0963196781703741
SMFBS,1530.0,2025-10-22,1550.6634926607796,1.3505550758679503,1548.5830194775303,1.2145764364398917,1549.954696095031,1.304228502943207
ILBS,1162.0,2025-10-22,1169.3006108772256,0.6282797656820661,1168.989714559135,0.6015244887379612,1169.8877551513829,0.6788085328212446
RHPL,262.1,2025-10-22,265.89204983593163,1.4467950537701666,265.8290399306927,1.4227546473455523,263.66659193066334,0.5977077186811603
SJCL,272.0,2025-10-22,273.1453948997316,0.4211010660778042,273.49322606091255,0.5489801694531427,271.7109367363398,-0.1062732586985964
SABSL,1045.0,2024-07-13,1074.9121598529703,2.862407641432561,1075.393575846243,2.908476157535219,1076.123703292394,2.978344812669293
AKBSL,465.0,2019-12-19,469.3708073478963,0.9399585694400621,470.7569461646541,1.2380529386352894,470.3089255008392,1.1417044087826285
GGBSL,830.0,2020-11-05,836.1712141090254,0.7435197721717366,837.1398536055725,0.8602233259725917,837.6084782997234,0.9166841324967954
TMDBL,197.0,2020-10-15,197.14804583643354,0.07515017077844624,197.73226805260776,0.37170967137449984,195.40691674498157,-0.8086717030550394
SAPDBL,789.9,2025-10-22,800.6719809720552,1.3637145172876552,800.2082286140809,1.3050042554856207,800.247513843128,1.309977698838842
NICBF,9.11,2025-10-22,4.212797038481881,-53.7563442537664,5.225753209236359,-42.63717662748234,1.8729632411459534,-79.44057913121895
NICAD8283,1050.0,2025-09-17,1058.9888442217398,0.8560804020704554,1058.7602223121353,0.834306886870027,1059.6352300488486,0.9176409570331998
SBLD2082,1107.0,2025-10-08,1119.4230255891666,1.1222245338000567,1119.314382538758,1.1124103467712811,1120.8021257743458,1.2468044963275309
NBF2,9.2,2025-10-22,2.2653970736779456,-75.37611876437016,3.3876453324237445,-63.17776812582886,0.12437076092578536,-98.64814390298059
HDHPC,171.5,2025-10-22,166.8079339183845,-2.73589858986327,166.68943245979494,-2.8049956502653393,164.03565995997076,-4.352384862990812
NRIC,1281.0,2025-10-22,1254.515800340122,-2.067462893042776,1252.9036126627664,-2.193316732024484,1251.3245577834848,-2.3165840918434966
SRBLD83,1110.0,2025-10-07,1120.320246280276,0.9297519171419841,1120.554442222086,0.9508506506383766,1121.8634902727663,1.0687829074564221
NICLBSL,542.0,2025-10-22,546.5463464772661,0.8388093131487214,546.8486522498483,0.8945852859498761,546.4695510760594,0.8246404199371514
NMB50,10.02,2025-10-22,7.025599037376196,-29.884241143950135,7.708164889296768,-23.07220669364503,4.295755296213883,-57.12819065654807
SFMF,9.8,2025-10-22,5.401784180971276,-44.879753255395144,6.174116011882006,-36.99881620528566,2.726282926666727,-72.18078646258442
AIL,678.0,2021-12-29,685.4128630282968,1.0933426295422983,685.7878962542162,1.1486572646336588,685.7874688124389,1.1485942201237278
NIBD2082,1117.0,2025-09-03,1117.7026914132696,0.0629088104986192,1117.4768477402963,0.04269003941775355,1118.6741526388575,0.14987937680013871
SDLBSL,1067.0,2024-07-13,1096.5563718609794,2.7700442231470874,1095.651568082382,2.6852453685456448,1096.1368112846121,2.730722707086422
NRN,1829.0,2025-10-22,1814.5593361691763,-0.7895387551024452,1813.0958876439918,-0.8695523431387767,1813.6407623490716,-0.8397614899359451
RLI,515.0,2021-12-29,514.5246717031837,-0.0922967566633621,515.6620558592588,0.1285545357784022,515.2064546506498,0.040088281679570695
KBLD86,1156.8,2025-10-13,1161.0051843470444,0.36351870219955496,1160.1095380363313,0.2860942285901913,1161.9548482919622,0.44561274999673695
NICD83-84,1015.0,2021-12-28,1023.6192577978162,0.8491879603759807,1023.5686269310916,0.8441996976444885,1024.5108087856743,0.937025496125544
GBD80-81,1003.0,2021-12-23,1012.0514991527182,0.90244258750929,1011.7770486483013,0.8750796259522707,1012.5534352127573,0.9524860630864742
LUK,9.31,2025-10-22,4.958613271642207,-46.73884778042742,5.9452121448069875,-36.14165257994643,2.5710891985721673,-72.38357466624954
SBIBD86,1190.0,2025-10-15,1199.84864831235,0.8276175052394916,1200.4109456003102,0.8748693781773312,1202.0807848503641,1.0151920042322795
LEC,188.5,2025-10-22,189.62117483671693,0.5947877117861708,189.05307829434923,0.29341023572903663,186.25196170139964,-1.1925932618569568
GIC,578.9,2021-12-29,578.2966220123018,-0.10422836201385305,579.2996232195176,0.06903147685569071,579.2509895192047,0.06063042307907155
SSHL,169.0,2025-10-22,166.34660428962547,-1.570056633357707,166.04856712665367,-1.7464099842286003,163.2398619202379,-3.408365727669882
SGI,567.0,2021-12-29,567.049340226331,0.008701979952551855,567.9508707654142,0.1677020750289509,567.8200783026803,0.14463462128399615
PBLD84,1115.0,2025-10-22,1124.4314785144397,0.8458725125058056,1124.0944290648342,0.8156438623169714,1125.0866689888835,0.9046339900343949
CMF2,9.0,2025-10-22,4.7182965253134626,-47.57448305207264,5.5677991164751575,-38.13556537249825,2.1258290515470435,-76.37967720503285
EICPO,412.8,2021-12-29,412.8690520854725,0.01672773388384019,413.47137924739127,0.16264032155795968,412.6020960669192,-0.047941844254068555
HBLD83,1101.4,2025-08-18,1107.5192488385824,0.5555882366608207,1107.937712982125,0.5935820757331539,1109.1772633675362,0.706125237655355
MEN,609.9,2025-10-22,609.8744715087871,-0.004185684737312226,609.9374561548124,0.0061413600282651725,609.2002653341247,-0.11472940906301456
UMRH,544.5,2025-10-22,548.967345475849,0.8204491232045941,549.1864844487733,0.8606950319142856,548.7600925096149,0.7823861358337701
SRD80,1030.0,2024-05-11,1039.5804449925424,0.9301402905380994,1039.6460944646844,0.9365140256975183,1040.4622494558664,1.0157523743559624
NICAD8182,1071.0,2025-01-08,1082.5024227786246,1.073989054960278,1082.3990493461033,1.064337007105818,1083.8264416289967,1.1976135974786826
PLI,570.0,2021-12-29,568.0981289674564,-0.33366158465676626,569.650621154617,-0.06129453427770944,569.4808314605575,-0.09108219990219113
SIGS2,9.09,2025-10-22,0.8706111109833046,-90.42232001118477,1.78073363609019,-80.40997100010792,-1.474599888512671,-116.22222099573895
ICFCD83,1185.0,2025-10-18,1187.86029446316,0.24137506018227986,1187.6818111352084,0.2263131759669505,1188.854001966127,0.3252322334284425
CGH,827.0,2025-10-22,829.2488975926701,0.27193441265660445,828.8714791566783,0.22629735872773077,829.1643498618542,0.26171098692312555
NIFRA,261.0,2025-10-22,265.46425658089447,1.710443134442326,264.8381055933979,1.4705385415317729,262.07499585119774,0.41187580505660576
SLCF,9.06,2025-10-22,5.134965519799039,-43.32267638190907,6.0519684547732595,-33.20123118351811,2.624841619707354,-71.02823819307557
NBBD2085,1132.0,2025-10-18,1140.2698898629305,0.7305556416016379,1140.1435701542182,0.7193966567330562,1141.0848152689034,0.8025455184543651
GLH,246.0,2025-10-22,244.49518903312935,-0.6117117751506709,244.64347944921758,-0.5514311182042358,242.55991715114362,-1.3984076621367387
MLBSL,2000.0,2025-10-22,1972.1961610923213,-1.3901919453839355,1969.9516894787955,-1.502415526060224,1971.5431699946025,-1.4228415002698738
JLI,570.0,2021-12-29,571.7267646041596,0.3029411586244909,572.6772935314996,0.4697006195613284,572.383134443191,0.41809376196333525
KEF,9.12,2025-10-22,4.347269717503082,-52.332568887027605,5.313516065282329,-41.73776244207972,1.9383510949048741,-78.74615027516585
MFLD85,1130.0,2025-10-13,1140.06679031183,0.8908663992769815,1140.3061606692436,0.9120496167472196,1141.709113586935,1.0362047422066387
ADBLD83,1120.0,2025-10-14,1128.4202620865021,0.751809114866262,1128.8707915157966,0.7920349567675495,1129.935366806341,0.8870863219947418
SHEL,266.8,2025-10-22,261.85083500641633,-1.8550093679099247,261.2946802805436,-2.0634631632145406,258.9680075819855,-2.935529392059416
RURU,706.9,2025-10-22,707.9663197443352,0.15084449629866462,708.1839619497725,0.18163275566170048,708.3021948187676,0.1983582994437136
SBD87,1128.0,2025-10-22,1118.0706917678417,-0.8802578219998485,1118.6212033389997,-0.831453604698604,1119.878256036085,-0.7200127627584152
SBLD84,1084.0,2025-10-07,1079.4596103336185,-0.41885513527505014,1079.0354068988056,-0.45798829346811765,1080.4103769382573,-0.3311460389061544
CHDC,2143.0,2025-10-22,2101.016815996958,-1.9590846478321031,2099.734123853476,-2.018939624196177,2100.311929264207,-1.9919771691924029
SBCF,9.1,2025-10-22,4.01321471682013,-55.89873937560297,4.788903769067474,-47.37468385640138,1.4888300852288694,-83.63922983264979
PSF,10.25,2025-10-22,12.541923534451712,22.360229604406946,13.833390041949997,34.95990284829265,10.626905557539658,3.6771273906308077
NIBSF2,8.4,2025-10-22,3.450130822427127,-58.92701401872468,4.3942983902043125,-47.686923926139144,1.013743899647011,-87.9316202422975
GWFD83,1190.0,2025-10-18,1198.1431192185107,0.6842957326479596,1197.8530513145836,0.6599202785364353,1199.0041961973732,0.7566551426364013
JBLB,1370.0,2025-10-22,1366.5436068797476,-0.2522914686315631,1365.4317221758124,-0.3334509360720868,1366.8255233658363,-0.23171362293165973
ULI,628.0,2021-12-29,630.5671502594643,0.4087818884497223,630.9650107480704,0.472135469437966,630.3867493486836,0.3800556287712684
MKLB,1169.0,2024-07-07,1188.6043929796176,1.6770224961178457,1186.3727364447473,1.4861194563513482,1186.8302560862546,1.5252571502356391
RMF1,9.23,2025-10-22,3.8345721797262513,-58.455339331243216,4.61763521044054,-49.971449507686465,1.2643153993898295,-86.3021083489726
SLI,515.0,2021-12-29,512.79615792394,-0.42793050020583057,514.0148649416803,-0.1912883608387682,513.5370158881378,-0.2840745848276058
NICSF,8.95,2025-10-22,2.846966871634777,-68.19031428341032,3.8565871602512516,-56.90964066758378,0.5532429746780281,-93.8185142494075
MKJC,555.0,2025-10-22,550.1517520404643,-0.8735581909073303,549.7073308015383,-0.9536340898129155,548.9713329695028,-1.0862463118013004
SAHAS,626.5,2025-10-22,626.8433858358379,0.054810189279795876,626.8188707465872,0.05089716625494149,625.8162366985337,-0.10914019177435633
HEI,466.0,2025-10-22,467.7325963896011,0.37180180034358346,467.6375988315739,0.35141605827765715,466.78453657116586,0.1683554873746478
SIKLES,633.0,2025-10-22,635.4508642336989,0.38718234339634977,635.5626546218423,0.4048427522657638,634.7260282603527,0.27267429073502014
BHPL,671.0,2025-10-22,673.532234555184,0.37738219898420333,673.6866100568534,0.40038898015698904,673.776424758053,0.41377418152802586
AHL,663.0,2025-10-22,641.508514880265,-3.241551300110858,642.4101222334855,-3.1055622573928385,642.6306659348775,-3.072297747378964
KDL,900.0,2025-10-22,910.364224470055,1.1515804966727752,909.9961230574318,1.1106803397146399,910.564279644092,1.17380884934356
BEDC,521.5,2025-10-22,524.9927644743393,0.6697534946000595,523.8452872388548,0.44971950888874024,522.8815793196874,0.2649241264980586
CITY,519.9,2025-10-22,521.6994925748545,0.3461228264771159,522.0987081615377,0.4229098214152245,521.7706413231164,0.3598079098127309
RAWA,714.0,2025-10-22,715.7760414277839,0.24874529800894488,715.8495398417022,0.25903919351570776,715.9503613375713,0.27315985120045944
ILI,424.9,2025-10-22,426.976577569749,0.4887214802892492,427.4425382358819,0.5983850872868725,426.55773228346925,0.3901464540996169
RNLI,434.3,2025-10-22,438.6622860951078,1.0044407310862944,439.02608907724243,1.088208399088745,438.1220412768354,0.8800463451152115
SNLI,430.0,2025-10-22,432.3270197109516,0.541167374639911,432.6981579249905,0.627478587207089,431.76450644294016,0.4103503355674791
CLI,434.0,2025-10-22,437.40491746863916,0.7845431955389759,437.72749353377174,0.8588694778275887,436.84738782686793,0.6560801444396153
HATHY,914.9,2025-10-22,927.3679021113295,1.3627611882533088,926.7590741672118,1.296215342355647,927.1642727735599,1.3405041833599216
MANDU,789.1,2025-10-22,802.3829904001368,1.6833088835555419,802.3276360929215,1.6762940176050491,802.7017707300799,1.7237068470510608
BGWT,856.0,2025-10-22,818.8573659088406,-4.339092767658806,819.6136440005348,-4.250742523302009,820.4487553093192,-4.153182790967389
MSHL,919.0,2025-10-22,927.9890611894848,0.9781350587034604,928.1068725805366,0.9909545789484833,928.7194876411596,1.0576156301588266
HRL,778.9,2025-10-22,784.1808372764906,0.6779865549480826,783.0000774938738,0.5263933102932171,781.5450308144113,0.3395854171795315
ANLB,6710.0,2025-10-22,6231.814252386141,-7.126464196927859,6205.210450386534,-7.5229441075032195,6215.021747155923,-7.376725079643477
AVYAN,979.5,2025-10-22,954.1533220069305,-2.5877159768320097,954.4805113740327,-2.554312264008908,955.5352267349652,-2.4466333093450485
BHDC,535.0,2025-10-22,535.5069902083707,0.09476452492909655,534.5327072758507,-0.08734443442042511,533.4073849815488,-0.29768505017778873
BHL,177.0,2025-10-22,175.01485714035323,-1.1215496382185148,174.77786030646075,-1.2554461545419477,171.99232932263703,-2.829192473086422
BNHC,407.5,2025-10-22,413.4607645915794,1.4627643169519977,412.95888346488425,1.3396033042660742,411.65143205775735,1.018756333191987
CKHL,570.0,2025-10-22,576.7429881526124,1.1829803776512955,576.7340333102196,1.181409352670108,576.4004724057137,1.122889895739243
CYCL,1520.0,2025-10-22,1517.0735016390004,-0.19253278690787043,1515.6057579107612,-0.28909487429202546,1517.2584339350717,-0.18036618848212452
DLBS,1267.8,2025-10-22,1262.4019195188298,-0.42578328452201886,1260.953071181561,-0.5400637970057566,1262.2080300890275,-0.44107666122199607
DOLTI,497.4,2025-10-22,500.10010479318566,0.5428437461169456,500.16110514681833,0.5551075888255633,499.5145169038343,0.4251139734286949
DORDI,217.9,2025-10-22,219.87327422275462,0.9055870687263016,219.93430579216704,0.9335960496406757,217.52997114608763,-0.1698159035853021
EHPL,449.9,2025-10-22,456.5118165184739,1.4696191416923574,456.26444961338314,1.4146364999740293,455.2818462069059,1.1962316530131025
ENL,930.0,2025-10-22,920.081920430176,-1.0664601687982844,919.8419366017486,-1.0922648815324132,920.5455142832944,-1.0166113673876949
GCIL,420.0,2025-10-22,423.6577853078222,0.8709012637671961,423.6390990883242,0.8664521638867146,422.51679569703356,0.5992370707222757
GVL,477.9,2025-10-22,477.6677062066798,-0.04860719676086956,477.72688880674946,-0.03622330890364513,476.88474760592965,-0.21244034192725056
HHL,317.0,2025-10-22,318.8988241803388,0.598998164144734,319.00481638759584,0.6324341916706113,317.409180305865,0.12907896084069181
HIDCLP,178.0,2025-10-22,178.74262956961957,0.417207623381779,178.22075130287442,0.12401758588450494,175.1075115584856,-1.624993506468757
HLBSL,869.1,2025-10-22,884.3559486884326,1.755373223844502,883.7473334761278,1.685345009334686,884.205354190269,1.7380455862695825
HLI,359.9,2025-10-22,361.6225283812947,0.47861305398576026,361.2578832102305,0.377294584670884,359.4822491560884,-0.11607414390429639
IHL,507.5,2025-10-22,513.1444454344463,1.1122059969352336,513.1752232890618,1.118270598829915,512.568161273043,0.9986524675946721
JALPA,1442.1,2024-07-10,1463.7744291689958,1.5029768510502641,1465.7983722646359,1.643323782306079,1469.5060038996196,1.9004232646570758
KBSH,1749.0,2025-10-22,1751.1211136766071,0.1212757962611285,1749.2187735329958,0.01250849245258909,1750.9595396494906,0.11203771580849513
LSL,219.0,2025-10-22,210.26485776334675,-3.988649423129336,210.29299935083793,-3.9757993831790266,207.97203682332474,-5.035599624052629
MAKAR,539.0,2025-10-22,544.0476412468885,0.9364826061017578,543.9197306659871,0.9127515150254392,543.3592852201926,0.8087727681247951
MBJC,277.5,2025-10-22,276.20522091969895,-0.4665870559643441,276.4503103523108,-0.37826653970782204,274.6389687742118,-1.031002243527288
MCHL,475.1,2025-10-22,489.50555535428873,3.0321101566593787,489.5296830515531,3.037188602726388,488.7702600914449,2.877343736359693
MEHL,386.9,2025-10-22,387.0493161609937,0.03859295967788803,387.0866882285535,0.04825232063931796,385.9032029373494,-0.2576368732619689
MEL,273.7,2025-10-22,273.20592396449786,-0.18051736773917887,273.40644562489695,-0.10725406470699389,271.5180507617175,-0.7972046906402889
MHCL,373.2,2025-10-22,382.10785418713067,2.3868848304208683,382.11367803484643,2.3884453469577815,380.8442479360002,2.048297946409493
MHL,452.0,2025-10-22,459.30858649480854,1.6169439147806497,459.4289882678602,1.6435814751903046,458.53567035824346,1.4459447695228904
MKCL,1464.0,2025-10-22,1473.2688219577494,0.6331162539446328,1472.1320342003983,0.5554668169670947,1473.5259639314659,0.6506805964116029
MKHC,347.0,2025-10-22,352.7908470556981,1.6688320045239549,352.6861047086252,1.6386468900937117,351.20830940525843,1.2127692810543034
MKHL,675.0,2025-10-22,686.772067716433,1.744010032064142,686.75173217234,1.7409973588651828,686.8630088731404,1.7574827960208022
MLBS,1459.9,2025-10-22,1456.072187473524,-0.2621968988612925,1454.5127402974836,-0.369015665628915,1455.9715785380167,-0.26908839386145367
MMKJL,598.0,2025-10-22,603.768561202475,0.9646423415510008,603.8033073535499,0.9704527347073478,603.5339735256812,0.9254136330570529
NESDO,1483.0,2025-10-22,1462.8573320417536,-1.358237893340959,1461.6540333665416,-1.439377385937854,1463.323901891411,-1.326776676236617
NICFC,9.0,2025-10-22,4.352341071578053,-51.640654760243855,5.378355787286409,-40.240491252373225,2.0065248973202188,-77.70527891866423
NIMB,196.9,2025-10-22,197.93901348006818,0.5276858710351334,197.8642398100202,0.48971041646530666,195.2315658589614,-0.8473510111927894
NIMBPO,159.0,2025-10-22,161.27917642422187,1.4334442919634423,161.95515033346658,1.8585851153877841,159.52504520593322,0.33021711064982684
NRM,397.0,2025-10-22,400.1340640427875,0.7894367865963441,400.0734623466185,0.7741718757225436,398.7611753832796,0.44362100334498195
NSIF2,9.96,2025-10-22,5.383461869474559,-45.94917801732371,6.064084968481097,-39.115612766254046,2.712844821382987,-72.76260219494993
NWCL,751.2,2025-10-22,760.1844167340448,1.1960086174181004,759.8981430065003,1.1578997612486996,760.1665621615603,1.1936318106443295
NYADI,362.0,2025-10-22,365.704641227544,1.0233815545701703,365.6576513162196,1.0104009160827583,364.2934186063511,0.6335410514782074
PHCL,342.0,2025-10-22,347.45545538465365,1.5951623931735808,347.24693621051006,1.5341918744181453,345.68098727096924,1.0763120675348654
PMLI,455.0,2025-10-22,458.14904592436756,0.6920980053555068,458.45606496445544,0.7595747174627332,457.66301291146067,0.5852775629583887
PPL,283.5,2025-10-22,285.4285416535399,0.6802616061869219,285.8427370526142,0.8263622760543956,284.1600302471106,0.23281490197905683
RFPL,313.9,2025-10-22,316.7237040583602,0.8995552909717266,316.8218790801251,0.9308311819449216,315.1483010315335,0.39767474722316504
RHGCL,226.0,2025-10-22,226.41597534778532,0.1840598884005841,226.59544107138436,0.2634695006125475,224.43961545194736,-0.6904356407312561
RIDI,218.0,2025-10-22,217.93994317570719,-0.027549001969181093,217.94244918060235,-0.026399458439287846,215.54293423674653,-1.1270943868135173
SALICO,587.0,2025-10-22,599.2668347045354,2.089750375559698,599.6872130313287,2.161365081998079,599.4543614167214,2.121697004552204
SAMAJ,1875.8,2025-10-18,1978.6362081953498,5.482258673384681,1970.4574720577616,5.046245445024078,1972.1959833165292,5.138926501574224
SGHC,301.8,2025-10-22,305.46971499764516,1.2159426764894448,305.72086021034534,1.2991584527320492,304.1108640928916,0.7656938677573105
SGIC,447.0,2025-10-22,458.76840548978646,2.6327529059924966,458.55119597072917,2.584160172422633,457.30460881078204,2.305281613150345
SHLB,1789.9,2025-10-22,1777.2785036272417,-0.7051509231107005,1775.5559809170325,-0.8013866184126284,1777.412286021301,-0.6976766287892646
SJLIC,410.0,2025-10-22,409.35149546221874,-0.1581718384832351,409.6605719496059,-0.08278732936440886,408.62671121357516,-0.33494848449386266
SMH,823.2,2025-10-22,834.9059112673104,1.4220008828122446,834.6562957688102,1.39167830038996,834.8898840490793,1.420053941822072
SMHL,783.8,2025-10-22,782.5811522499587,-0.15550494386849673,782.0201953819208,-0.22707382215861155,782.082309206764,-0.21914911881040933
SMJC,492.6,2025-10-22,493.0658095070128,0.09456141027461432,493.2060625418502,0.12303340273044631,492.5870097507071,-0.002637078622187924
SONA,407.5,2025-10-22,411.78869007542846,1.0524392823137332,411.8631576576839,1.0707135356279578,410.6738918380279,0.7788691627062294
SPC,445.0,2025-10-22,453.1648864210342,1.834805937311062,453.3026169585048,1.8657566198887223,452.4670547879499,1.6779898399887427
SPHL,494.0,2025-10-22,502.1641459017148,1.6526611137074474,502.407736019591,1.7019708541682241,501.7849011794641,1.5758909270170243
SPIL,630.0,2025-10-22,641.1446043273663,1.7689848138676703,640.4869531557104,1.6645957390016433,640.0789827846181,1.5998385372409714
SPL,942.0,2025-10-22,947.7766668298395,0.6132342706836031,947.9714055945144,0.6339071756384722,948.4907916779358,0.6890437025409573
SRLI,372.8,2025-10-22,373.08722402422325,0.07704507087533131,373.4780422312675,0.1818782809193968,372.26811469561767,-0.14267309666908326
SWMF,660.0,2025-10-22,663.2869541791952,0.49802336048411566,663.359328829322,0.5089892165639323,663.3112544493015,0.5017052195911343
TAMOR,455.0,2025-10-22,461.78504320408285,1.4912182866116164,462.0538508523234,1.550296890620532,461.2442679695911,1.372366586723314
TPC,281.0,2025-10-22,280.4288409038477,-0.20325946482288765,280.23049889248307,-0.2738438105042457,278.3082270340177,-0.9579263224136282
TSHL,665.0,2025-10-22,667.4167541129561,0.36342167112122425,666.5873973124292,0.23870636277130453,666.3801407736541,0.20753996596302973
TVCL,395.0,2025-10-22,409.74231691012847,3.732232129146447,409.56216620989767,3.686624356936118,408.30583548009145,3.3685659443269484
UAIL,437.1,2025-10-22,439.30127670855904,0.5036094048407735,439.5133694123034,0.5521321007328716,438.5779535804878,0.33812710603701496
UHEWA,529.2,2025-10-22,535.3959111949212,1.1708071041045178,535.4551996843634,1.182010522366465,534.9173691533153,1.0803796586007752
ULBSL,3509.0,2025-10-22,3506.4502501642196,-0.07266314721517252,3505.1470510689865,-0.10980190740990434,3499.5571001289713,-0.2691051544892749
ULHC,420.0,2025-10-22,429.7478271836417,2.320911234200399,429.58143037865796,2.281292947299513,428.45791314646385,2.013788844396155
USHEC,436.1,2025-10-22,441.1078239037312,1.1483200879915503,441.2453759258367,1.1798614826500056,440.34637545996827,0.973715996323836
USHL,704.0,2025-10-22,692.2195199533285,-1.6733636429931147,692.3713384826988,-1.6517985109802877,692.551588270835,-1.626194847892748
VLUCL,574.9,2025-10-22,572.5833326666356,-0.4029687481934982,573.1411595225036,-0.3059385071310475,572.9296720178427,-0.3427253404343887
BOKD86,1130.0,2025-10-22,1116.976260840041,-1.1525432884919424,1117.582212288553,-1.0989192664997425,1118.8390971872495,-0.9876905144026958
C30MF,9.15,2025-10-22,6.233159065139148,-31.87804300394374,6.425779276327148,-29.772904083856304,2.926051833263614,-68.02129143974193
CBLD88,1240.0,2025-10-22,1247.9225492664082,0.6389152634200136,1247.9602388066419,0.6419547424711195,1249.227230083217,0.7441314583239443
CCBD88,1268.0,2025-10-22,1276.0221860317379,0.6326645135439963,1276.5682282225314,0.67572777780216,1277.6947909112662,0.7645734157149986
CIZBD86,1179.0,2025-10-22,1187.9114987801108,0.7558523138346762,1188.2093706915143,0.7811171069986703,1189.3689927692285,0.8794735173221796
EBLD85,1188.2,2025-10-22,1185.607468109387,-0.2181898578196554,1185.4383731275343,-0.23242104632770072,1186.5581344542577,-0.13818090773795222
GBBD85,1098.0,2025-10-22,1106.8673344518431,0.8075896586378082,1106.9652808887356,0.8165100991562483,1108.0018388535364,0.9109142853858246
GIBF1,10.0,2025-10-22,6.961634539204283,-30.383654607957165,7.223340604311602,-27.766593956883977,3.837548681903172,-61.62451318096828
H8020,10.0,2025-10-22,17.827256033013782,78.27256033013782,19.367689546338852,93.67689546338852,15.997067411741568,59.970674117415676
HEIP,326.6,2025-10-22,333.96287247998896,2.254400636861279,334.1368683786343,2.3076755599002654,332.6473361803535,1.8516032395448419
JBBD87,1166.0,2025-10-22,1175.506557732469,0.8153136991825892,1176.1566324173186,0.871066245053056,1177.367945354139,0.9749524317443405
KDBY,8.95,2025-10-22,4.630774769502864,-48.259499782090906,5.548314452539557,-38.007659748161366,2.13451465618175,-76.15067423260614
KSBBLD87,1147.0,2025-10-22,1144.9385620651783,-0.1797243186418219,1145.1133056144906,-0.16448948435129662,1146.2752834347677,-0.06318365869505288
LBLD88,1091.4,2025-10-13,1104.4317757593028,1.1940421256462082,1104.2991566629971,1.181890843228608,1105.6622155598284,1.3067817078823796
LVF2,9.0,2025-10-22,5.302974572542098,-41.078060305087796,6.163964338234905,-31.5115073529455,2.821824577647817,-68.64639358169093
MBLD87,1139.2,2025-10-22,1128.0706658394604,-0.9769429565080456,1128.780408873003,-0.9146410750524182,1130.1041625190521,-0.7984407901112992
MMF1,8.66,2025-10-22,4.652696106472263,-46.27371701533184,5.292557771301176,-38.885014188208125,1.7943011614360103,-79.2805870503925
NBF3,9.14,2025-10-22,2.904060502995435,-68.22690915759918,3.7334571831121366,-59.15254723072061,0.3764171746632883,-95.88165016779772
NBLD85,1098.0,2025-10-22,1107.5518036599026,0.8699274735794708,1107.621783074027,0.8763008264141172,1108.673334419394,0.9720705299994532
NBLD87,1091.0,2025-10-12,1098.3580930901771,0.6744356636276018,1098.6576915069627,0.701896563424628,1099.2630553754202,0.7573836274445654
NCCD86,1161.0,2025-09-27,1179.8834634833365,1.6264826428369101,1180.5442840096,1.6834008621533165,1181.7703178089089,1.7890023952548566
NIBD84,1060.0,2025-10-22,1069.7807674893947,0.9227139140938442,1069.8182603055866,0.9262509722251501,1070.7671434228087,1.0157682474347791
NIBLGF,8.72,2025-10-22,3.753430514526144,-56.9560720811222,4.780061988794159,-45.182775357865154,1.4160676614970953,-83.76069195530854
NICD83/84,1080.1,2025-10-11,1090.2835976463928,0.9428384081467323,1089.4985895638708,0.8701592041358142,1090.2798458725383,0.9424910538411636
NICGF2,8.71,2025-10-22,4.209688789210077,-51.66832618587742,5.2054498619421565,-40.23593729113483,1.8382208226073544,-78.89528332253325
NMBD87/88,1100.1,2025-10-14,1117.1949016375008,1.5539406997092016,1117.7687902259865,1.6061076471217746,1119.2380614227786,1.7396656142876759
PBD85,1081.3,2025-10-22,1080.7560774640847,-0.050302648285884724,1080.4133328597281,-0.08200010545378815,1081.3276095635424,0.0025533675707440453
PBD88,1170.0,2025-10-22,1183.9545338650676,1.1926952021425266,1183.4800825336738,1.1521438062969056,1184.5622480609493,1.244636586405922
PBLD87,1111.0,2025-10-08,1125.5940455381192,1.3135954579765248,1126.1899309896025,1.3672305121154404,1128.2800216664439,1.5553574857285213
PRSF,10.05,2025-10-22,15.6177815769787,55.40081171123084,16.458907573100078,63.770224607960955,12.986112431508673,29.215049069738026
RMF2,8.95,2025-10-18,6.341457013450622,-29.145731693289136,7.54655679430175,-15.680929672606133,4.149902690085014,-53.63237217782106
SAGF,9.45,2025-10-22,5.121223786176415,-45.80715570183687,6.033629947539794,-36.152064047197946,2.6123867904199187,-72.35569533947177
SBID83,1115.0,2025-10-22,1123.9680221888107,0.8043069227632883,1124.0364662830427,0.8104454065509173,1125.073312823266,0.9034361276471704
SBID89,1155.0,2025-10-18,1164.5107169533785,0.8234386972622083,1165.0236848965521,0.8678515061949905,1166.247093835138,0.9737743580206064
SDBD87,1165.0,2025-10-13,1172.1626540882676,0.6148200934135256,1172.7812009296567,0.66791424288899,1174.6893376606808,0.8317028034919183
SFEF,9.09,2025-10-22,6.314137138272372,-30.537545233527265,6.233388687047295,-31.42586702918267,2.7271023233304277,-69.99887433079837
SIGS3,9.46,2025-10-22,9.250941923903952,-2.2099162378017883,9.897160453621382,4.621146444200643,6.2505079770073735,-33.926976987237076
SWMFPO,392.0,2025-08-19,375.6502209369065,-4.170862005891193,379.85984274851774,-3.0969788906842513,380.33097786589246,-2.9767913607417182
UNLB,1900.0,2025-10-22,1876.0961280677502,-1.2580985227499886,1873.4895040639856,-1.3952892597902329,1875.335185646624,-1.2981481238618926
WNLB,1960.0,2025-10-22,1952.2949407614797,-0.39311526727144563,1949.9953820603146,-0.5104396908002771,1951.7172941400277,-0.4225870336720581
LBLD86,1107.0,2025-10-12,1115.5998789848768,0.7768635036022399,1115.2729521388444,0.7473308165171095,1115.9801402881228,0.8112141181682757
MBLD2085,1268.19,2025-07-26,1289.7091163119223,1.6968369338917897,1290.719661286594,1.7765209697753384,1292.1718092248939,1.8910265200714265
PBLD86,1189.0,2025-09-27,1152.8407132664456,-3.0411511129986866,1153.8078866198916,-2.9598076854590722,1155.3984458878003,-2.8260348286122507
EBLD86,1115.0,2025-10-22,1123.2352933210052,0.7385913292381346,1123.3833206995216,0.751867327311356,1124.4086182497165,0.8438222645485635
GBILD86/87,1126.0,2025-10-22,1125.799435378157,-0.017812133378586722,1126.3724973785786,0.033081472342682106,1127.5806666140222,0.14037891776396275
HBLD86,1160.0,2025-10-15,1168.302862860984,0.7157640397400068,1168.9757969420384,0.7737755984515874,1170.6048091717394,0.9142076872189104
KBLD89,1279.1,2025-10-18,1286.2974037559761,0.5626928118189517,1286.77106957955,0.5997239918341039,1288.1324294921192,0.7061550693549576
SBLD83,1099.6,2025-10-08,1102.762318716223,0.2875880971465193,1102.5861436033842,0.271566351708288,1104.3582277093026,0.43272350939456833
SARBTM,836.1,2025-10-22,838.9416457625834,0.33986912601165237,838.8236396692821,0.3257552528743068,839.1887667052307,0.36942551192808065
ILBSP,439.4,2025-05-26,452.86567653060865,3.064559975104387,453.19062107504317,3.138511851398086,452.2618778633729,2.9271456220693928
NLO,293.2,2025-07-06,286.66235302236976,-2.229756813652876,288.3005882319154,-1.6710135634667722,287.2362092017697,-2.034035060787948
NBLD82,1071.0,2025-10-15,1076.7929778465314,0.5408942900589503,1076.71362089371,0.533484677283843,1077.3043719450413,0.5886435056061008
NABILD87,1133.0,2025-10-13,1133.753772448777,0.06652890103945272,1133.302078931093,0.02666186505676013,1134.16533820308,0.10285421033362355
NIMBD90,1252.0,2025-10-13,1252.1529583213348,0.012217118317478914,1252.7631265984242,0.06095260370799927,1254.9364582768355,0.2345413959133816
LBBLD89,1210.0,2025-10-15,1215.3979924785654,0.4461150808731699,1215.5795108691439,0.4611166007556909,1216.8437725996043,0.5656010412896145
RBBD83,1060.0,2025-10-08,1069.3438948746427,0.8814995164757292,1069.1363789361774,0.8619225411488095,1070.178570799312,0.960242528236977
GBBLPO,200.0,2025-09-22,201.65369854397966,0.826849271989829,202.2517276656297,1.1258638328148436,200.03519685991864,0.017598429959321038
NMBD2085,1129.6,2025-10-13,1132.1894233087032,0.22923364984979794,1131.5787504611615,0.17517266830396186,1132.7128756771012,0.27557327169806384
SBLD89,1225.0,2025-10-22,1234.87354625124,0.8060037756114274,1234.1063152751083,0.7433726755190426,1235.2552059333939,0.8371596680321536
PMLIP,300.0,2025-08-10,292.6504770404881,-2.4498409865039625,293.40458776300443,-2.1984707456651904,291.9977232142155,-2.667425595261496
SADBLP,232.0,2025-09-07,222.634708312631,-4.036763658348705,224.01053023482268,-3.443736967748844,222.54353157227092,-4.07606397746943
NIFRAUR85/86,1050.0,2025-10-22,1059.958209014368,0.9484008585112471,1060.352561444685,0.9859582328271504,1061.3529312748492,1.0812315499856378
LSLPO,100.0,2025-08-16,66.577855571952,-33.422144428048,68.03317564383678,-31.966824356163215,64.97814177449743,-35.02185822550257
MLBLD89,1250.0,2025-10-22,1258.5546430846668,0.684371446773348,1258.4972667106563,0.6797813368525021,1259.772947084005,0.7818357667203963
CIZBD90,1198.0,2025-10-22,1206.6742001211128,0.7240567713783631,1207.2998385899004,0.7762803497412726,1208.564998408459,0.8818863446125964
KSY,9.06,2025-10-22,4.776044524941881,-47.28427676664591,5.7711600627606,-36.300661558933776,2.3862333112537044,-73.6618839817472
SCBD,1200.0,2025-10-08,1205.8115791521602,0.4842982626800184,1206.9761311898953,0.5813442658246117,1209.4410973212289,0.7867581101024068
NICAD85/86,1125.0,2025-10-15,1130.0214194416365,0.44634839481212923,1130.3947705879,0.47953516336888746,1131.2527927621509,0.5558038010800779
NMLBBL,610.0,2025-10-22,618.4588016291768,1.3866887916683333,618.7076016342155,1.427475677740247,618.5792434255475,1.4064333484504057
MND84/85,1120.0,2025-09-27,1129.5533007420997,0.8529732805446194,1130.1654573791457,0.9076301231380057,1131.3385835928345,1.0123735350745124
NICD88,1138.0,2025-10-07,1109.04335433019,-2.5445207091221516,1109.2251744319183,-2.528543547283104,1111.5328648961852,-2.3257587964687896
PROFLP,118.0,2025-10-06,118.73558708896223,0.6233788889510457,119.27325716757764,1.0790314979471523,116.43625225145445,-1.3252099563945356
NIBLSTF,8.5,2025-10-22,4.19578346352057,-50.637841605640354,5.160422277217094,-39.28914967979889,1.803806162734304,-78.77875102665524
BOKD86KA,1150.0,2025-09-07,1157.9766862078952,0.6936248876430632,1158.1829304884498,0.7115591729086744,1159.440529629565,0.8209156199621682
GBILD84/85,1209.0,2025-10-18,1221.8840907484362,1.0656816169095256,1222.0718336398102,1.0812103920438516,1223.3213490447235,1.1845615421607565
PBD84,1081.0,2025-10-22,1090.1110080157755,0.8428314538182697,1089.5202846728748,0.7881854461493822,1090.3807136018331,0.8677810917514451
SBD89,1141.0,2025-09-24,1146.5572237714746,0.48704853387156727,1146.4512798275118,0.4777633503516061,1147.4079354429255,0.5616069625701545
NMBD89/90,1300.5,2025-10-22,1295.5313579741678,-0.38205628803015734,1296.311350494423,-0.3220799312246755,1297.784512491535,-0.20880334551826243
KBLD90,1495.0,2025-10-13,1460.590927546425,-2.301610197563541,1464.6093574887188,-2.032818897075663,1466.2768845576911,-1.921278624903604
MATRI,965.0,2025-10-22,970.2162634672906,0.5405454370249285,969.9638603942625,0.5143896781619168,970.6902957877601,0.5896679572808371
SMPDA,868.0,2025-10-22,869.7731882497076,0.2042843605653886,869.5546387707899,0.1791058491693425,870.0484741531275,0.2359993263971742
MNMF1,8.88,2025-10-22,5.682180983699254,-36.01147540879219,6.5991764116864715,-25.68495031884605,3.1884226449629978,-64.09433958375003
GMLI,1910.0,2025-10-22,1919.5936227453126,0.5022839133671512,1917.742941805115,0.4053896233044463,1919.476739434555,0.4961643683013052
GSY,9.02,2025-10-22,4.538345251684177,-49.68575108997586,5.428622945506731,-39.8157101385063,2.014554984623942,-77.66568753188534
ICFCD88,1115.6,2025-10-22,1128.1316856804274,1.1233135245990922,1127.969257401265,1.1087538007587874,1128.9696258985682,1.1984246951029314
EBLEB89,1074.0,2025-10-22,1082.4099114647724,0.7830457602208984,1082.7636909140404,0.8159861186257312,1083.7767861911798,0.9103152878193463
NMIC,1325.0,2025-10-22,1363.454007103598,2.9021892153658935,1364.226702140234,2.9605058219044538,1365.1994306868312,3.0339192971193354
CREST,1210.0,2025-10-22,1229.1350637272656,1.5814102253938482,1229.734873613328,1.6309812903576935,1230.7386915233783,1.713941448213082
NMBHF2,9.02,2025-10-22,3.183639345388656,-64.70466357662244,4.197159437444384,-53.46829891968532,0.8585501715524515,-90.4817054151613
OMPL,1199.0,2025-10-22,1183.1234861650337,-1.3241462748095343,1183.226863770847,-1.315524289337189,1184.355186524046,-1.22141897213961
EBLD91,1102.1,2025-10-22,1115.653046406631,1.2297474282398135,1115.932401584227,1.2550949627281556,1116.9812791317654,1.3502657773129023
MBLEF,9.13,2025-10-22,5.683489720234775,-37.7492911255775,6.688249161106228,-26.744258914499152,3.2757703293076474,-64.12080690791187
PURE,755.0,2025-10-22,755.672874712089,0.08912247842238004,755.747827719888,0.0990500291242451,755.950192749438,0.12585334429642045
RSY,9.0,2025-10-22,3.8427517830730267,-57.30275796585526,4.8696259482291,-45.89304501967667,1.522261469105615,-83.08598367660429
NIFRAGED,1005.0,2025-10-22,1018.5655716660352,1.3498081259736543,1018.4696213684903,1.3402608326855987,1019.268882509333,1.4197893044112464
TTL,703.9,2025-10-22,708.4790990781455,0.6505326151648717,708.3960828079955,0.6387388560868801,708.3379205133026,0.6304759927976459
SANVI,559.9,2025-10-22,567.6947109303928,1.392161266367718,567.5750951037996,1.3707974823717919,567.0514842321804,1.2772788412538758
RBBD2088,1061.0,2025-10-22,1072.9954334007168,1.1305780773531404,1073.0057220941053,1.1315477939778789,1073.9223941555097,1.217944783742664
BHCL,407.9,2025-10-22,407.3775935825713,-0.1280721788253664,407.4851665290346,-0.10169979675542803,406.3756646992074,-0.3737031872499599
GBIMESY2,8.94,2025-10-22,4.757885805511933,-46.77980083319986,5.762154545815633,-35.546369733605886,2.3827918452664107,-73.34684736838467
HIMSTAR,595.0,2025-10-22,600.761411828061,0.9683045089178153,600.5610756483383,0.934634562745926,600.1478987528312,0.8651930677027267
SBLD2091,1092.0,2025-10-22,1102.6008533461572,0.970774115948465,1103.337940531621,1.038272942456128,1104.5051455310943,1.1451598471698063
